"","City","Cost.of.Living.Index","Rent.Index","Cost.of.Living.Plus.Rent.Index","Groceries.Index","Restaurant.Price.Index","Local.Purchasing.Power.Index"
"1","Hamilton",145.43,110.87,128.76,143.47,158.75,112.26
"2","Zurich",141.25,66.14,105.03,149.86,135.76,142.7
"3","Geneva",134.83,71.7,104.38,138.98,129.74,130.96
"4","Basel",130.68,49.68,91.61,127.54,127.22,139.01
"5","Bern",128.03,43.57,87.3,132.7,119.48,112.71
"6","Lausanne",127.5,52.32,91.24,126.59,132.12,127.95
"7","Reykjavik",123.78,57.25,91.7,118.15,133.19,88.95
"8","Stavanger",118.61,39.83,80.61,106.09,143.54,118.14
"9","Lugano",118.24,52.91,86.73,117.74,122.3,119.86
"10","Oslo",117.23,49.28,84.46,112.42,124.09,102.94
"11","Trondheim",114.22,42.39,79.58,103.5,134.76,108.29
"12","Bergen",112.31,40.3,77.58,101.79,119.61,99.29
"13","Kyoto",100.33,24.58,63.8,118.44,54.59,77.92
"14","NewYork",100,100,100,100,100,100
"15","Nassau",99.73,40.45,71.14,85.34,104.17,58.69
"16","SanFrancisco",97.84,115.36,106.29,107.52,91.06,92.96
"17","Copenhagen",97.62,50.66,74.97,77.53,121.23,113.31
"18","Luxembourg",95.37,61.59,79.08,82.71,109.61,127.42
"19","Anchorage",94.99,40.12,68.53,101.18,84.55,124.92
"20","Honolulu",94.15,62.82,79.04,104.69,82.86,103.08
"21","Tokyo",93.81,37.07,66.45,99.67,58.93,106.42
"22","Brooklyn",93.79,76.24,85.33,92.73,100.58,87.04
"23","Paris",92.87,50.3,72.34,87.29,91.77,97.62
"24","Limerick",92.73,27.71,61.37,87.15,82.93,93.93
"25","Rockville",92.66,64,78.84,87.76,74.74,130.79
"26","Bloomington",92.14,33.64,63.93,112.83,75.43,96.92
"27","Washington",91.94,73.3,82.95,92.74,85,120.62
"28","Arhus",91.9,34.82,64.37,71.5,102.82,109.47
"29","Singapore",91.4,71.89,81.99,83.64,64.4,95.89
"30","Aalborg",91.17,26.81,60.13,73.79,101.14,106.35
"31","Stockholm",90.85,45.27,68.87,84.06,93.71,108.2
"32","Sydney",90.77,68.43,80,85.02,77.09,118.81
"33","Montpellier",90.63,24.95,58.95,86.93,75.13,74.25
"34","TelAvivYafo",90.36,51.55,71.65,76.9,97.21,101.36
"35","SantaRosa",90.23,58.13,74.75,92.05,78.34,106.77
"36","Dublin",89.92,62.13,76.52,73.62,95.64,88.11
"37","Jerusalem",89.62,38.43,64.93,74.2,96.35,84.17
"38","Linz",89.33,29.43,60.44,84.03,88.05,95.13
"39","Arlington",89.2,61.85,76.01,88.51,82.63,120.53
"40","Amsterdam",89.14,58.22,74.23,70.13,95.2,101.7
"41","Bellevue",88.85,66.67,78.15,88.43,80.99,73.46
"42","London",88.69,76.67,82.89,67.36,96.36,92.61
"43","Antwerp",88.2,28.06,59.19,79.12,101.67,90.18
"44","Seattle",88.04,64.41,76.64,89.85,83.22,144.6
"45","Berkeley",87.82,78.69,83.42,97.88,78.29,115.84
"46","Helsinki",87.77,40.52,64.98,73.82,96.5,113.87
"47","Grenoble",87.73,25.07,57.51,88.71,79.04,115.7
"48","Seoul",87.56,37.17,63.26,107.06,50.88,107.52
"49","Tampere",87.2,28.89,59.08,73.89,96.76,111.28
"50","Boston",87.05,78.72,83.03,88.99,86.2,101.35
"51","Auckland",86.93,46.95,67.65,79.21,72.26,99.37
"52","Florence",86.9,31.81,60.34,76.28,87.67,66.09
"53","Nice",86.69,31.64,60.14,78.82,98.75,107.04
"54","MiltonKeynes",86.28,37.34,62.68,85.31,81.71,90.17
"55","Perth",86.24,40.5,64.18,80.79,90.63,130.38
"56","Charleston",86.19,45.99,66.8,98.41,71.87,115.41
"57","Adelaide",86.02,36.56,62.17,82.05,81.67,113.86
"58","Miami",86.01,63.2,75.01,87.37,95.81,97.81
"59","Bath",85.79,37.62,62.56,78.47,83.51,117.98
"60","Reading",85.56,40.91,64.03,71.32,95.36,130.18
"61","Leuven",85.31,29.48,58.38,79.81,86.88,92.44
"62","Gent",85.16,26.92,57.07,72.2,94.01,96.27
"63","Melbourne",85.15,44.81,65.7,82.11,77.29,127.15
"64","Oakland",85.11,79.57,82.44,88.65,81.38,97.94
"65","Milan",85.1,43.65,65.11,75.56,92.27,71.94
"66","Genoa",85.04,21.49,54.39,74.03,83.87,71.66
"67","Darwin",84.98,46.52,66.43,82.29,91.79,118.09
"68","Cairns",84.98,30.59,58.75,84.5,74.96,118.05
"69","TheHague",84.97,35.55,61.14,70.25,89.11,106.25
"70","Munich",84.78,46.46,66.3,72.97,82.46,118.19
"71","Lyon",84.47,28.04,57.26,77.74,79.13,101.17
"72","Gothenburg",84.38,30.46,58.38,77.45,91.06,112.1
"73","NewHaven",84.13,47.53,66.48,92.86,86.18,127.41
"74","Irvine",83.73,66.26,75.3,89.49,76.5,139.48
"75","Brussels",83.65,35.76,60.55,72.55,96.1,104.35
"76","Philadelphia",83.46,48.09,66.4,82.24,79.37,116.06
"77","Utrecht",83.34,40.23,62.55,68.39,97.89,105.9
"78","Aberdeen",83.18,32.13,58.56,67.23,99.29,115.94
"79","Cambridge",82.96,47.33,65.78,67.22,95.67,105.39
"80","Cork",82.89,39.97,62.19,67.32,91.87,105.57
"81","Hobart",82.88,31.46,58.08,81.1,88.26,99.4
"82","SanJose",82.87,81.81,82.36,85.4,83.12,134.82
"83","Toulouse",82.85,24.97,54.94,77.86,82.38,113.77
"84","RamatGan",82.84,36.93,60.7,67.32,89.36,112.25
"85","Rotterdam",82.64,35.28,59.8,63.02,94.81,102.03
"86","Tacoma",82.54,36.82,60.49,88.02,72.46,125.1
"87","Dusseldorf",82.48,36.34,60.23,65.69,74.97,114.5
"88","LosAngeles",82.3,68.75,75.77,82.73,82.48,109.01
"89","Boulder",82.19,53.8,68.5,86.22,74.92,143.02
"90","StJohns",82.18,22.48,53.39,86.39,79.73,98.06
"91","Turku",82.18,25.55,54.87,69.79,88.89,125.14
"92","Brisbane",82.17,43.31,63.43,75.42,81.39,130.41
"93","Halifax",82.03,29.33,56.61,88.57,75.91,95.7
"94","ThunderBay",81.98,26.2,55.08,77.76,74.63,84.87
"95","Haifa",81.81,20.68,52.33,66.6,91.38,120.61
"96","Padova",81.77,23.89,53.85,67.49,78.91,77.42
"97","Frankfurt",81.65,37.59,60.4,66.85,81.18,142.76
"98","Portland",81.6,40.73,61.89,86.96,88.58,113.69
"99","Minneapolis",81.46,45.65,64.19,87.48,75.88,131.08
"100","Norfolk",81.36,43.59,63.14,90.06,81.31,64.42
"101","Saskatoon",81.02,29.7,56.27,82.39,72.78,99.63
"102","Canberra",80.9,45.03,63.6,77.06,79.23,139.38
"103","Wellington",80.87,40.42,61.36,77.17,72.02,118.59
"104","Hartford",80.86,42.15,62.19,78.41,86.26,101.57
"105","Queens",80.77,64.73,73.04,74.39,87.27,113.4
"106","Hamburg",80.75,33.61,58.02,64.85,77.19,116.06
"107","Parma",80.69,25.04,53.85,71.96,87.4,84.79
"108","Maastricht",80.69,33.35,57.86,70.13,81.68,105.35
"109","Graz",80.59,24.94,53.75,78.18,65.21,106.41
"110","Christchurch",80.51,30.13,56.21,75.7,78.95,90.4
"111","Galway",80.22,34.58,58.21,70.9,81.75,100.11
"112","Albany",80.19,30.82,56.38,83.35,71.86,139.34
"113","Chicago",80.16,56.71,68.85,79.14,77.99,119.17
"114","Portsmouth",80.05,32.23,56.99,62.19,89.21,94.57
"115","JerseyCity",79.91,66,73.2,79.5,85.95,130.99
"116","Malmo",79.79,28.57,55.09,73.61,87.62,120.92
"117","Uppsala",79.7,28.42,54.97,70.45,87.61,119.75
"118","Lund",79.39,27.07,54.16,75.3,80.06,122.8
"119","Oxford",79.37,53.29,66.79,62.18,81.92,86.68
"120","Olympia",79.25,36.06,58.42,77.18,78.7,125.04
"121","Edinburgh",79.2,34.6,57.69,69.3,89.29,104.25
"122","Barrie",79.18,28.03,54.51,79.85,76.95,127.57
"123","SantaBarbara",79.17,71.45,75.45,76.47,87.43,134.38
"124","Bologna",79.04,26.08,53.5,70.14,85.23,76.44
"125","Eugene",78.94,31.38,56,91.86,69.07,109.06
"126","Sliema",78.94,36.17,58.32,69.3,89.2,74.89
"127","Burlington",78.89,41.89,61.05,82.04,79.41,101.19
"128","Rome",78.8,40.24,60.2,68.34,85.32,72.78
"129","Sacramento",78.75,43.34,61.67,80.02,74.2,135.14
"130","Eindhoven",78.72,35.2,57.73,63.05,88.51,119.87
"131","HongKong",78.72,79.54,79.12,83.47,56.17,82.86
"132","Pittsburgh",78.66,39.02,59.54,76.56,70.89,133.38
"133","Vienna",78.64,35.04,57.61,73.8,73.39,98.88
"134","Osaka",78.5,23.88,52.16,79.2,45.06,109.62
"135","SaintPaul",78.37,40.38,60.05,81.15,74.68,97.64
"136","Lille",78.34,24.7,52.47,65.77,74.43,89.56
"137","LongBeach",78.23,54.98,67.01,82.77,76.98,127.25
"138","York",77.98,29.69,54.69,68.51,85.11,110.55
"139","Trieste",77.97,21.54,50.76,72.67,80.97,90.05
"140","Brampton",77.9,29.01,54.32,83.61,64.25,103.74
"141","Bristol",77.83,40.01,59.59,63.13,92.62,108.18
"142","Bergamo",77.71,22.05,50.87,64.43,91.76,89.37
"143","FortLauderdale",77.67,51.63,65.11,79.05,77.85,104.35
"144","Everett",77.63,42.48,60.68,84.84,70.29,113.75
"145","Asheville",77.36,37.85,58.31,84.94,72.18,111.73
"146","Denver",77.31,54,66.07,77.48,79.43,130.1
"147","Heidelberg",77.3,37.21,57.96,61.01,75.28,133.23
"148","Manchester",77.15,30.87,54.83,63.07,85.92,98.91
"149","Bellingham",77.13,34.7,56.67,79.09,77.88,131.14
"150","Newcastle",77.12,43.45,60.88,76.5,84.01,134.62
"151","SanDiego",77.01,61.91,69.73,75.09,82.09,142.72
"152","Mannheim",76.97,27.25,52.99,61.07,73.5,156.77
"153","Groningen",76.64,30.91,54.59,66.99,87.82,105.46
"154","NewOrleans",76.64,40.21,59.07,75.15,84,116.56
"155","Orlando",76.63,37.35,57.68,82.77,69.38,129.02
"156","Baltimore",76.57,45.03,61.36,73.92,80.16,116.79
"157","Tampa",76.53,42.09,59.92,80.64,80.21,144.43
"158","WestPalmBeach",76.52,43.11,60.41,79.59,78.92,124.36
"159","Calgary",76.44,31.37,54.7,72.97,75.23,146.39
"160","Brighton",76.4,44.89,61.21,58.61,86.71,83.51
"161","RedDeer",76.15,25.51,51.73,69.85,74.21,136.55
"162","Edmonton",76.01,31.61,54.6,74.26,73.66,131.93
"163","Nottingham",75.98,24.8,51.3,65.92,75.29,107.61
"164","Karlsruhe",75.8,23.89,50.76,57.26,80.6,136.82
"165","Coventry",75.72,26.45,51.96,64.04,71.27,133.86
"166","Vancouver",75.59,53.5,64.94,78.26,70.12,96.77
"167","Victoria",75.47,40,58.36,79.13,70.56,112.52
"168","ColoradoSprings",75.42,31.21,54.1,72.93,76.48,150.89
"169","Norwich",75.4,25.34,51.26,58.53,81.1,89.95
"170","Charlotte",75.35,40.62,58.6,79.4,73.87,112.72
"171","Plano",75.32,40.02,58.3,73.93,63.49,101.69
"172","Toronto",75.22,46.94,61.58,70.65,71.58,106.83
"173","Atlanta",74.97,45.83,60.92,75,74.81,153.77
"174","Turin",74.94,23.25,50.01,61.62,76.26,85.62
"175","Leeds",74.92,30.31,53.41,61.69,91.99,109.59
"176","Fayetteville",74.9,24.85,50.76,81.39,69.15,104.92
"177","GoldCoast",74.89,38.76,57.46,74.88,72.35,124.98
"178","Kelowna",74.78,34.84,55.52,77.54,68.9,109.75
"179","Indianapolis",74.72,35.67,55.89,73.92,74.26,94.22
"180","Birmingham",74.64,31.36,53.77,76.12,74.13,134.55
"181","Stuttgart",74.53,34.86,55.4,55.57,72.07,134.02
"182","Berlin",74.32,33.54,54.65,60.74,65.57,114.09
"183","Sheffield",74.31,25.05,50.55,56.87,84.47,110.96
"184","Glasgow",74.3,28.12,52.03,61.85,79.52,124.11
"185","Augusta",74.29,22.45,49.29,82.42,62.66,100.38
"186","Greensboro",74.1,26.05,50.93,80.28,62.04,141.87
"187","Greenville",74.08,36.03,55.73,83.74,67.18,127.49
"188","PalmaDeMallorca",74.08,24.4,50.12,62.9,71.61,80.26
"189","Cologne",74.02,29.75,52.67,55.97,73.95,131.06
"190","Bonn",73.61,29.24,52.21,55,70.68,118.12
"191","Jacksonville",73.58,32.27,53.66,77.14,73.25,117.13
"192","FortCollins",73.57,42.07,58.38,81.45,61.31,73.23
"193","Cleveland",73.47,28.35,51.71,67.52,74.7,146.27
"194","Bremen",73.41,22.22,48.72,59.15,70.25,131.14
"195","Milwaukee",73.37,35.5,55.11,71.9,71.59,139.23
"196","Bilbao",73.3,30.28,52.55,65.27,75.33,92.96
"197","SaintPetersburg",73.29,41.01,57.72,72.82,75.33,145.31
"198","Exeter",73.17,31.86,53.24,58.28,82.78,86.66
"199","Memphis",72.95,27.52,51.04,73.96,70.71,154.91
"200","Guelph",72.93,28.86,51.68,68.86,80.08,114.41
"201","Syracuse",72.88,30.77,52.57,72.26,67.76,103.63
"202","Waterloo",72.86,29.64,52.01,70.36,70.2,120.38
"203","Regina",72.85,28.93,51.67,73.25,66.3,109.12
"204","Newark",72.68,40.31,57.07,66.47,77.87,94.1
"205","Akron",72.65,21.57,48.02,77.33,63.79,99.21
"206","Dubai",72.58,66.88,69.83,61.71,67.23,123.71
"207","Nuremberg",72.57,25.08,49.67,55.83,71.58,127.52
"208","Mississauga",72.54,36.65,55.23,68.46,67.15,106.67
"209","Austin",72.46,49.8,61.53,73.02,75.56,140.39
"210","Leipzig",72.4,20.19,47.22,54.51,64.82,91.69
"211","Taipei",72.39,21.61,47.9,87.57,34.77,104.9
"212","Fresno",72.36,30.94,52.38,72.51,75.89,110.71
"213","Buffalo",72.15,28.94,51.31,69.14,72.72,120.23
"214","Shreveport",72.07,25.24,49.48,78.42,64.04,76.03
"215","Windsor",72,21.38,47.59,63.4,67.16,118.85
"216","Nanaimo",71.9,25.11,49.33,78.03,63.87,99.07
"217","Nashville",71.88,47.73,60.23,74.28,69.38,125.4
"218","Aachen",71.81,24.48,48.99,57.78,64.67,128.79
"219","Moncton",71.79,18.63,46.15,70.92,66.98,88.06
"220","Cardiff",71.52,28.32,50.69,65.68,72.66,109.78
"221","Southampton",71.48,33.09,52.97,58.97,76,116.26
"222","Raleigh",71.4,37.42,55.02,78.32,70.58,131.99
"223","LittleRock",71.29,24.83,48.89,77.24,64.98,132.31
"224","Dresden",71.22,22.95,47.94,56.07,59.77,105.93
"225","Winnipeg",71.22,24.91,48.89,69.49,67.33,114.61
"226","QuebecCity",71.21,17.97,45.53,71.69,65.29,118.31
"227","Naples",71.14,19.85,46.41,66.45,63.1,59.99
"228","Richmond",70.98,36.18,54.2,77.66,65.74,133.08
"229","LasVegas",70.97,29.98,51.2,66.54,74.53,148.81
"230","SaintLouis",70.76,30.11,51.15,71.33,68.14,144.7
"231","GrandRapids",70.58,32.95,52.43,69.69,70.77,143.87
"232","Rochester",70.52,30.31,51.13,72.96,74.66,158.71
"233","Houston",70.37,44.1,57.7,71.01,71.15,145.38
"234","Detroit",70.2,35.48,53.45,67.02,59.3,131.62
"235","Darmstadt",70.17,30.69,51.13,53.91,66.6,145.86
"236","AnnArbor",70.01,45.26,58.07,69.31,62.97,163.57
"237","Ottawa",69.91,31.76,51.51,64.16,71.95,145.32
"238","Harrisburg",69.91,27.78,49.59,72.58,66.41,140.56
"239","NewcastleUponTyne",69.91,25.69,48.58,54.05,78.46,127.4
"240","Salem",69.81,32,51.58,70.61,68.39,106.58
"241","Dayton",69.76,21.96,46.71,73.53,62.38,114.2
"242","Barcelona",69.75,33.71,52.37,59.29,65.07,77.27
"243","Columbia",69.7,29.48,50.3,75.37,65.65,92.47
"244","Marseille",69.66,23.92,47.6,61.91,69.58,104.22
"245","Liverpool",69.53,24.96,48.04,52.24,78.55,116.18
"246","Hanover",69.47,22.04,46.59,58.88,64.04,160.86
"247","FortWayne",69.42,21.43,46.28,74.49,69.24,129.87
"248","DesMoines",69.37,31.23,50.97,73.45,63.64,125.85
"249","VirginiaBeach",69.33,37.42,53.94,68.92,71.08,151.73
"250","Spokane",69.26,26.97,48.86,70.06,64.46,135.55
"251","Bakersfield",69.2,29.09,49.86,71.91,64.38,120.54
"252","Montreal",69.18,26.68,48.69,68.65,67.17,120.29
"253","Gatineau",69.17,19.72,45.32,69.98,64.66,142.51
"254","Columbus",69.13,35.51,52.92,66.96,62.16,125.47
"255","Cincinnati",69.13,31.11,50.79,61.6,70.4,136.92
"256","KansasCity",69.05,29.33,49.89,68.17,63.04,135.76
"257","Belfast",68.77,23.7,47.04,61.07,79.19,103.27
"258","SanJuan",68.77,26.09,48.18,66.18,57.67,116.19
"259","Derby",68.68,21.48,45.92,58.52,71.55,110.83
"260","Lincoln",68.61,28.38,49.21,71.56,62.02,124.13
"261","Malta",68.44,26.6,48.26,54.11,69,72.13
"262","FortMyers",68.06,31.9,50.62,71.88,62.43,86.87
"263","Lexington",67.9,25.51,47.45,69.03,62.48,130.77
"264","FortWorth",67.81,35.29,52.12,66.57,65.5,142.22
"265","Omaha",67.8,30.43,49.78,69.41,62.64,134.51
"266","Madrid",67.63,33.41,51.13,56.59,70.41,96.36
"267","Surrey",67.37,33.36,50.97,65.23,61.6,93.78
"268","Montevideo",67.18,21.14,44.97,54.33,70.89,35.71
"269","Wichita",67.02,24.63,46.58,67.02,68.1,118.39
"270","Lubbock",66.9,24.63,46.52,61.64,68.94,133.25
"271","Chattanooga",66.89,27.77,48.02,67.8,62.68,145.27
"272","Phoenix",66.87,33.32,50.69,62.4,71.42,139.29
"273","SiouxFalls",66.85,25.7,47,69.13,56.18,168.93
"274","SaltLakeCity",66.76,34.91,51.4,64.48,68.75,148.6
"275","Tulsa",66.71,28.61,48.34,67.6,62.03,123.2
"276","Durham",66.44,35.54,51.54,64.75,67.79,146.95
"277","Springfield",66.4,18.79,43.44,73.6,63.28,77.68
"278","Winstonsalem",66.27,24.96,46.34,71.92,69.63,117.44
"279","Nicosia",66.23,17.22,42.59,53.67,78.46,90.59
"280","Doha",66.12,66.84,66.46,57.95,65.81,120.86
"281","Taichung",65.98,13,40.43,84.29,29.75,66.76
"282","Dallas",65.94,42.64,54.7,61.95,67.11,162.37
"283","Albuquerque",65.73,25.5,46.33,68.04,64.58,123.57
"284","Madison",65.6,36.95,51.78,62.5,66.34,144.83
"285","Ljubljana",65.47,20.62,43.84,54.76,57.7,74.7
"286","Zaragoza",65.4,15.21,41.2,54.76,60.66,77.87
"287","Mobile",65.31,24.63,45.69,67.4,64.09,122.2
"288","Louisville",65.14,28.33,47.39,65.76,65.91,127.21
"289","Beirut",65.03,34.98,50.54,47.46,66.58,52.68
"290","AbuDhabi",64.97,64.25,64.62,54.3,65.93,131.24
"291","Thessaloniki",64.94,11.57,39.2,52.32,61.77,48.72
"292","Pensacola",64.88,28.72,47.44,62.12,64.75,128.73
"293","Athens",64.67,13.97,40.22,51.34,64.82,52.86
"294","OklahomaCity",64.29,26.54,46.09,66.52,58.15,142.4
"295","Kitchener",63.9,27.36,46.28,58.85,59.89,124.25
"296","Limassol",63.52,24.22,44.57,52.24,66.53,93.12
"297","Huntsville",63.34,27.45,46.03,64.13,63.83,152.26
"298","Tucson",63,23.8,44.1,61.12,63.64,138.07
"299","Reno",62.88,35.99,49.92,58.04,64.1,136.4
"300","Havana",62.74,12.01,38.27,41.43,28.23,1.88
"301","Boise",62.65,28.91,46.37,58.7,65.39,130.86
"302","Knoxville",62.18,29.77,46.55,60.36,64.67,128.69
"303","Accra",61.93,32.3,47.64,60.07,40.1,14.07
"304","CollegeStation",61.85,32.7,47.79,68.95,57.12,118.7
"305","Martin",61.04,20.8,41.63,56.66,51.89,44.36
"306","SanAntonio",60.92,34.5,48.18,58.17,60.96,154.92
"307","Tallinn",60.51,17.66,39.84,45.31,61.04,74.02
"308","Valencia",60.33,20.61,41.17,50.92,56.84,90.71
"309","Kaohsiung",60.22,10.41,36.2,71.17,26.25,127.49
"310","Sevilla",60.16,21.15,41.35,52.11,58.14,81.43
"311","Larnaca",59.97,11.36,36.53,49.72,66.8,83.19
"312","Sharjah",59.38,29.86,45.15,50.37,43.99,123.32
"313","Split",59.05,13.74,37.2,50.46,55.16,53.22
"314","Manama",59,30.65,45.33,57.63,54.83,67.56
"315","Rijeka",58.54,12.29,36.24,49.63,46.7,51.41
"316","Amman",58.47,14.58,37.3,49.55,55.56,41.83
"317","Zagreb",58,15.39,37.45,49.52,46.65,64.19
"318","Lisbon",57.69,29.33,44.01,47.02,50.14,58.48
"319","Patras",57.35,9.41,34.23,46.44,53.51,64.63
"320","PanamaCity",57.23,32.46,45.29,56.48,52.95,38.24
"321","Malaga",57.23,21.19,39.85,48.93,55.28,94.71
"322","Campinas",57.21,14.1,36.42,43.15,48.2,59.53
"323","RioDeJaneiro",57.14,21.61,40,42.19,48.58,39.15
"324","Funchal",57,17.91,38.15,47.03,44.3,52.72
"325","Santiago",56.85,17.85,38.04,48.15,55.32,50.65
"326","SaoPaulo",56.83,21.02,39.56,43.58,48.59,40.03
"327","Shanghai",56.16,41.95,49.3,61.7,40.74,66.16
"328","BuenosAires",56.05,15.58,36.53,48.19,56.51,60.03
"329","Bangkok",55.79,26.21,41.52,62.4,27.99,44.94
"330","Makati",55.54,26.91,41.73,59.97,28.91,46.37
"331","Tartu",55.49,14.44,35.69,42.41,55.7,75.23
"332","Porto",54.92,20.87,38.5,45.79,44.12,63.31
"333","Riga",54.87,15.23,35.75,42.56,51.15,53.77
"334","Coimbra",54.5,14.58,35.25,46.39,42.38,75.56
"335","Granada",54.47,14.9,35.39,44.63,51.02,94.61
"336","Vilnius",54.26,17.9,36.72,42.58,49.97,56.97
"337","PortoAlegre",53.88,14.79,35.03,42.32,42.19,46.35
"338","Brasilia",53.84,16.73,35.94,44.65,47.74,49.33
"339","Prague",53.84,25.06,39.96,47.04,40.31,77.13
"340","Bratislava",53.64,22.87,38.8,46.54,44.37,72.75
"341","SantaCruzDeTenerife",53.34,18.05,36.32,44.56,53.88,93.75
"342","Pretoria",53.19,15.59,35.06,43.22,47.05,108.14
"343","Phuket",53.17,14.65,34.59,57.38,27.69,55.31
"344","LasPalmas",52.71,20.09,36.98,44.95,51.06,84.11
"345","Kaunas",52.56,12.38,33.19,41.09,45.84,57.97
"346","Recife",52.22,12.23,32.93,41.22,41.58,39.68
"347","Klaipeda",52.09,11.61,32.57,43.52,46.6,58.53
"348","Fortaleza",52,9.81,31.65,43.69,38.32,30.52
"349","Windhoek",51.84,23.11,37.98,47.76,43.74,55.51
"350","Moscow",51.82,34.1,43.27,40.9,56.03,59.58
"351","Braga",51.43,12.28,32.55,42.67,36.9,71.62
"352","Kosice",51.36,16.16,34.38,44.97,33.36,61.62
"353","Muscat",51.2,25.41,38.76,46.81,51.63,103.55
"354","Budapest",51,18.08,35.12,40.71,40.43,55.54
"355","Jeddah",51,14.41,33.35,43.21,34.15,113.18
"356","JohorBahru",50.98,11.96,32.16,63.42,25.08,42.93
"357","Harare",50.74,14.24,33.14,45.45,36.15,26.86
"358","BeloHorizonte",50.41,12.56,32.15,37.82,41.12,35.32
"359","Florianopolis",50.4,15.08,33.37,39.36,42.08,39.69
"360","AddisAbaba",50.3,24.39,37.8,43.58,22.5,13.57
"361","Brno",50.29,19.26,35.32,44.77,34.98,73.86
"362","SanSalvador",50.29,12.78,32.2,51.28,37.29,28.62
"363","AlKhobar",50.18,15.67,33.53,44.86,33.74,124.32
"364","Johannesburg",50.02,22.45,36.72,41.72,49.92,125.99
"365","PetalingJaya",49.8,12.34,31.73,58.94,23.68,68.75
"366","DarEsSalaam",49.66,24.56,37.55,34.82,33.56,18.87
"367","Shenzhen",49.65,25.37,37.94,53.67,31.34,83.96
"368","Penang",49.5,10.67,30.78,56.99,26.28,68.42
"369","Guayaquil",49.49,13.57,32.17,44.21,36.59,36.14
"370","Curitiba",49.43,12.63,31.68,37,41.47,46.26
"371","PhnomPenh",49.24,17.42,33.89,53.68,24.62,26.41
"372","SantoDomingo",49.1,12.49,31.44,42.25,46.38,28.77
"373","Irbil",49.08,13.91,32.12,41.62,43.07,49.2
"374","Osijek",49.04,8.14,29.32,40.85,36.36,58.44
"375","Gdansk",49.01,17.8,33.96,36.86,40.96,72.77
"376","AdDammam",48.87,12.68,31.41,42.33,32.19,141.35
"377","Quito",48.84,14.05,32.06,47.67,36.41,34.37
"378","Warsaw",48.31,22.5,35.86,38.53,42.2,77.31
"379","Riyadh",48.21,16.46,32.9,41.46,35.41,129.2
"380","ChiangMai",47.92,12.1,30.65,60.54,22.68,31.68
"381","Gdynia",47.86,14.6,31.82,38.15,43.91,72.98
"382","KotaKinabalu",47.75,10.48,29.78,56.27,23.67,37.17
"383","CapeTown",47.55,28.98,38.59,40.96,45.21,94.27
"384","Pattaya",47.24,18.59,33.42,50.38,29.61,29.96
"385","PortElizabeth",47.09,13.95,31.11,40.21,41.53,64.08
"386","GuatemalaCity",46.97,15.52,31.8,43.64,37.17,41.41
"387","Kuching",46.79,6.86,27.53,52.35,20.02,41.76
"388","Jakarta",46.47,19.34,33.39,49.49,26.34,34.8
"389","Durban",46.3,15.74,31.56,39.21,43.53,96.43
"390","KualaLumpur",46.28,17.96,32.62,47.17,27.39,80.73
"391","Wroclaw",46.27,19.64,33.43,38.06,39.12,74.19
"392","Beijing",46.09,33.51,40.02,44.92,35.14,76.61
"393","Baghdad",46.05,14.76,30.96,40.35,42.03,52.05
"394","Selangor",46.04,11.34,29.31,50.35,23.26,88.61
"395","Olomouc",45.99,13.01,30.08,43.34,31.6,79.5
"396","Krakow",45.79,18.18,32.48,36.66,38.32,73.59
"397","Maputo",45.29,18.58,32.41,36.64,41.88,33.15
"398","Poznan",45.27,15.45,30.89,37.57,37.54,74.63
"399","Debrecen",44.92,10.34,28.24,37.81,33.04,48.52
"400","Bydgoszcz",44.91,15.1,30.53,35.24,37.73,66.01
"401","Ostrava",44.78,10.73,28.36,38.89,32.47,78.36
"402","Istanbul",44.73,14.35,30.08,39.35,33,54.57
"403","Podgorica",44.68,11.1,28.48,35.64,37.75,51.8
"404","Szczecin",44.61,12.73,29.23,35.91,34.7,60.33
"405","Bucharest",44.38,14,29.73,36.6,40.58,58.75
"406","Belgrade",43.99,12.28,28.7,32.31,38.34,40.25
"407","Lima",43.92,17.91,31.38,39.88,31.53,39.55
"408","Bali",43.73,8.12,26.56,49.07,25.29,29.2
"409","Lodz",43.68,12.79,28.78,34.02,36.68,70.09
"410","Guangzhou",43.5,20.93,32.61,44.04,27.37,79.47
"411","Sofia",43.11,12.96,28.57,37.06,34.44,60.66
"412","Sarajevo",42.5,10.13,26.89,35.37,31.5,48.89
"413","Manila",42.4,19.94,31.57,38.19,29.13,43.04
"414","Lublin",42.33,18.04,30.62,34.52,34.11,57.02
"415","Katowice",42.28,12.37,27.86,34.17,32.56,81.77
"416","Varna",42.26,8.71,26.08,37.66,34.85,48.43
"417","Nairobi",42.06,12.27,27.7,40.4,34.31,27.87
"418","Yekaterinburg",42.05,12.4,27.75,37.86,36.08,52.61
"419","Cebu",41.81,11.84,27.36,43.31,24.71,26.16
"420","Timisoara",41.62,10.78,26.75,34.26,36.97,59.09
"421","Rabat",41.62,13.47,28.04,37.31,27.57,45.29
"422","HoChiMinhCity",41.28,18.81,30.45,42.17,21.09,36.92
"423","Ankara",41.21,7.95,25.17,36.71,31.39,56.89
"424","Izmir",40.97,8.86,25.48,37.48,29.22,54.57
"425","Burgas",40.81,7.29,24.65,35.83,33.58,50.53
"426","ClujNapoca",40.51,13.6,27.54,34.7,33.06,59.81
"427","Plovdiv",40.29,7.65,24.55,35.49,33.1,54.98
"428","Bursa",40.26,6.73,24.09,34.46,27.63,55.63
"429","Yogyakarta",40.01,6.09,23.65,45.78,14.56,30.25
"430","Hanoi",39.89,14.56,27.67,40.28,22.71,27.09
"431","Novosibirsk",39.86,12.16,26.5,35.77,34.9,47.89
"432","BanjaLuka",39.85,7.77,24.38,32.73,28.97,51.24
"433","NizhnyNovgorod",39.83,11.38,26.11,35.11,37.77,40.34
"434","Iasi",39.81,10.55,25.7,33.52,34.64,51.29
"435","Suzhou",39.57,17.11,28.74,39.63,31.65,91.87
"436","Kazan",39.53,12.81,26.64,33.82,43.81,51.14
"437","Sibiu",39.5,8.46,24.53,32.76,33.38,54.27
"438","Tirana",39.33,9.96,25.17,31.79,32.05,38.05
"439","Chengdu",39.26,12.73,26.47,38.41,28.42,77.03
"440","Surabaya",39.24,8.6,24.46,43.32,18.67,37.58
"441","Rostovnadonu",39.1,12.21,26.13,31.64,41.73,35.31
"442","Bogota",38.99,13.86,26.87,31.74,29.55,42.03
"443","Oradea",38.94,7.42,23.74,32.85,25.94,46.65
"444","NoviSad",38.9,7.47,23.74,31.2,28.89,48.41
"445","Casablanca",38.81,16.45,28.02,33.78,28.81,47.32
"446","Antalya",38.77,7.18,23.53,33.47,29.4,54.45
"447","Skopje",38.51,9.26,24.4,30.7,29.14,41.99
"448","Monterrey",38.45,11.52,25.46,35.16,38.06,84.22
"449","Cuenca",38.41,10.38,24.89,37.19,26.71,43.44
"450","Brasov",38.37,9.96,24.67,31.4,33.82,67.91
"451","Ulaanbaatar",38.13,11.34,25.21,37.23,25.59,33.71
"452","Medan",37.99,4.71,21.94,41.6,18.35,44.28
"453","Tehran",37.8,19.93,29.18,34.45,30.9,43.28
"454","Colombo",37.72,9.88,24.29,41.98,22.74,27.62
"455","Bandung",37.68,6.05,22.42,43.19,17.12,33.9
"456","MexicoCity",37.54,17.84,28.04,34.66,32.65,64.03
"457","Astana",37.51,14.88,26.6,32.67,38.79,40.49
"458","Nis",37.32,5.73,22.09,29.67,30.85,38.68
"459","Kigali",37.18,11.85,24.96,31.27,27.33,28.22
"460","Algiers",37.13,8.61,23.38,38.43,22.86,33.38
"461","Arad",36.47,9.22,23.33,30.52,28.55,60.77
"462","Asuncion",36.16,10.71,23.88,30.88,27.65,34.68
"463","SantaCruz",36.14,14.26,25.59,29.42,29.15,57.64
"464","Kathmandu",36.06,5.83,21.48,33.22,21.92,23.73
"465","Almaty",36.05,11.72,24.31,28.66,35.51,46.81
"466","Medellin",35.87,12.33,24.52,31.73,27.61,29.33
"467","Cancun",35.58,9.8,23.15,29.93,35.3,61.69
"468","Minsk",35.3,11.25,23.71,28.55,38.12,43.77
"469","Gurgaon",34.9,10.96,23.36,32.59,30.88,110.97
"470","Craiova",34.34,6.84,21.07,28.61,25.41,58.56
"471","Guadalajara",34.19,10.12,22.58,33.15,30.82,71.87
"472","Tijuana",34.13,10.81,22.88,32.67,32.65,45.26
"473","Yerevan",34.12,9.37,22.18,27.73,31.77,32.52
"474","Kampala",34.09,7.59,21.31,28.02,26.64,23.36
"475","Chisinau",34.06,9.35,22.14,27.64,25.5,31.39
"476","QuezonCity",33.93,7.79,21.33,29.54,19.44,29.57
"477","Hermosillo",33.86,7.29,21.05,30.3,29.75,77.33
"478","Davao",33.67,6.84,20.73,32.75,16.83,28.86
"479","Dhaka",33.64,6.83,20.71,31.89,23.54,37.72
"480","Caracas",33.64,9.63,22.06,35.03,30.79,3.72
"481","Queretaro",33.51,9.52,21.94,33.17,27.96,63.18
"482","Merida",33.18,7.58,20.83,32.01,26.75,37.23
"483","Cali",33.04,7.44,20.69,28.79,23.76,39.71
"484","PuertoVallarta",32.7,11.52,22.48,32.27,31.03,62.36
"485","Puebla",32.65,7.22,20.38,28.36,27.84,45.28
"486","Mumbai",32.59,22.72,27.83,32.94,26.68,73.49
"487","Noida",32.37,6.56,19.92,33.12,24.04,95.95
"488","Delhi",32.14,9.74,21.34,30.67,27.54,78.33
"489","Baku",31.31,9.65,20.86,27.9,32.31,29.19
"490","Valenzuela",31.23,3.82,18.01,32.44,12.95,31.9
"491","Islamabad",30.83,8.79,20.2,28.5,23.5,43.2
"492","Bangalore",30.34,9.76,20.41,31.47,20.23,100.26
"493","Tunis",30.06,7.39,19.13,29.49,18.19,34.32
"494","Thane",29.82,9.3,19.92,31.07,21.18,70.55
"495","Odesa",29.79,10.23,20.36,22.29,24.04,27.73
"496","Tbilisi",29.73,10.6,20.5,24.65,29.18,35.61
"497","Pune",29.66,7.95,19.19,30.75,21.4,99.44
"498","Lahore",29.53,6.67,18.5,26.83,26.39,51.44
"499","Pristina",29.25,9.38,19.67,25.97,22.78,64.57
"500","Chandigarh",29.04,6.47,18.15,29.4,20.18,68.83
"501","Ahmedabad",28.67,6.24,17.85,31.42,20.13,73.59
"502","Surat",28.66,4.69,17.1,31.97,19.84,57.84
"503","Chennai",28.42,7.12,18.14,31.17,18.26,72.34
"504","Goa",28.3,8.27,18.64,29.8,22.96,54.55
"505","Indore",28.06,4.66,16.78,27.74,17.77,50.42
"506","Kolkata",27.99,7.77,18.24,28.53,23.18,56.3
"507","Lucknow",27.55,4.9,16.62,27.25,18.76,76.1
"508","Kiev",27.52,12.43,20.24,21.96,22.01,37.48
"509","Jaipur",27.11,5.19,16.54,27.65,18.48,76.5
"510","Karachi",27.1,7.46,17.63,25.6,21.62,39.06
"511","Hyderabad",26.92,6.89,17.26,27.6,18.93,80.9
"512","Cairo",26.49,5.43,16.33,23.23,22.55,25.27
"513","Dnipropetrovsk",26.39,6.63,16.86,20.46,22.74,31.06
"514","Nagpur",26.23,4.96,15.97,26.55,18.73,95.19
"515","Bhopal",26.07,4.13,15.49,22.49,16.21,66.21
"516","Vadodara",25.59,4.01,15.18,27.85,16.02,80.63
"517","Mangalore",25.46,5.7,15.93,26.85,16.04,94.53
"518","Lviv",25.31,8.1,17.01,20.5,17.88,26.88
"519","Mysore",25.2,4.01,14.98,29.39,13.31,42.49
"520","Bhubaneswar",24.89,4.68,15.14,28.22,14.91,57.56
"521","Kharkiv",24.85,8.29,16.87,19.26,18.44,27.19
"522","Visakhapatnam",24.66,4.85,15.11,25.83,18.07,63.97
"523","Kochi",24.65,6.31,15.8,26.93,13.94,77.7
"524","Coimbatore",24.61,5.35,15.32,25.23,15.21,53.23
"525","Alexandria",23.78,4.34,14.4,23.19,17.66,23.75
"526","NaviMumbai",23.44,6.25,15.15,24.02,14.14,111.99
"527","Thiruvananthapuram",20.86,5.1,13.26,21.98,12.06,66.25
